DMU,X_1,X_2,Y,Theta,slackX_1,slackX_2,slackY
 1,5,13,12,1,0,0,0
 2,16,12,14,0.622289679098005,0,0,0
 3,16,26,25,0.819856244384546,0,0,0
 4,17,15,26,1,0,0,0
 5,18,14,8,0.310370931112793,0,0,0
 6,23,6,9,0.555555555555555,4.44444444444444,0,0
 7,25,10,27,1,0,0,0
 8,27,22,30,0.75766908956511,0,0,0
 9,37,14,31,0.82010582010582,1.64021164021164,0,0
10,42,25,26.5,0.5,0,0,0
11,5,17,12,1,0,4,0
